timestamp,experiment_id,service,pod,scenario,cpu_usage,memory_usage_mb,restart_count,request_rate,error_rate,avg_latency_ms,p95_latency_ms,throughput,http_2xx_rate,http_4xx_rate,http_5xx_rate,network_receive_bytes,network_transmit_bytes,fault_type,fault_service,fault_phase,label
2026-06-08 21:06:50,EXP_002,coupon-service,coupon-service-78f984b8f8-srg7n,fault_traffic,4.57,49.41015625,9,353.0,0.0,0.28511299989765004,0.0,353.0,353.0,0.0,0.0,0.0,0.0,none,none,pre_fault,0
2026-06-08 21:06:50,EXP_002,inventory-service,inventory-service-6b76bf85fb-w9ls6,fault_traffic,4.48,49.09375,7,353.0,0.0,0.25362767428047583,0.0,353.0,353.0,0.0,0.0,0.0,0.0,none,none,pre_fault,0
2026-06-08 21:06:56,EXP_002,coupon-service,coupon-service-78f984b8f8-srg7n,fault_traffic,4.58,49.41015625,9,354.0,0.0,0.2856531100714149,0.0,354.0,354.0,0.0,0.0,0.0,0.0,none,none,pre_fault,0
2026-06-08 21:06:56,EXP_002,inventory-service,inventory-service-6b76bf85fb-w9ls6,fault_traffic,4.49,49.09375,7,354.0,0.0,0.2535898446936277,0.0,354.0,354.0,0.0,0.0,0.0,0.0,none,none,pre_fault,0
2026-06-08 21:07:01,EXP_002,coupon-service,coupon-service-78f984b8f8-srg7n,fault_traffic,4.59,49.41015625,9,355.0,0.0,0.2854819999004281,0.0,355.0,355.0,0.0,0.0,0.0,0.0,none,none,pre_fault,0
2026-06-08 21:07:01,EXP_002,inventory-service,inventory-service-6b76bf85fb-w9ls6,fault_traffic,4.5,49.09375,7,355.0,0.0,0.25367539443246184,0.0,355.0,355.0,0.0,0.0,0.0,0.0,none,none,pre_fault,0
2026-06-08 21:07:07,EXP_002,coupon-service,coupon-service-78f984b8f8-srg7n,fault_traffic,4.6,49.41015625,9,356.0,0.0,0.28532314596570485,0.0,356.0,356.0,0.0,0.0,0.0,0.0,none,none,pre_fault,0
2026-06-08 21:07:07,EXP_002,inventory-service,inventory-service-6b76bf85fb-w9ls6,fault_traffic,4.51,49.09375,7,356.0,0.0,0.2535732922021115,0.0,356.0,356.0,0.0,0.0,0.0,0.0,none,none,pre_fault,0
2026-06-08 21:07:12,EXP_002,coupon-service,coupon-service-78f984b8f8-srg7n,fault_traffic,4.61,49.41015625,9,357.0,0.0,0.28528363575122884,0.0,357.0,357.0,0.0,0.0,0.0,0.0,none,none,pre_fault,0
2026-06-08 21:07:12,EXP_002,inventory-service,inventory-service-6b76bf85fb-w9ls6,fault_traffic,4.5200000000000005,49.09375,7,357.0,0.0,0.2535362549709692,0.0,357.0,357.0,0.0,0.0,0.0,0.0,none,none,pre_fault,0
2026-06-08 21:07:18,EXP_002,coupon-service,coupon-service-78f984b8f8-srg7n,fault_traffic,4.62,49.41015625,9,358.0,0.0,0.2853212289507442,0.0,358.0,358.0,0.0,0.0,0.0,0.0,none,none,pre_fault,0
2026-06-08 21:07:18,EXP_002,inventory-service,inventory-service-6b76bf85fb-w9ls6,fault_traffic,4.53,49.09375,7,358.0,0.0,0.25346669839025543,0.0,358.0,358.0,0.0,0.0,0.0,0.0,none,none,pre_fault,0
2026-06-08 21:07:23,EXP_002,coupon-service,coupon-service-78f984b8f8-srg7n,fault_traffic,4.63,49.41015625,9,359.0,0.0,0.28517232580711316,0.0,359.0,359.0,0.0,0.0,0.0,0.0,none,none,pre_fault,0
2026-06-08 21:07:23,EXP_002,inventory-service,inventory-service-6b76bf85fb-w9ls6,fault_traffic,4.53,49.09375,7,359.0,0.0,0.25336738447177165,0.0,359.0,359.0,0.0,0.0,0.0,0.0,none,none,pre_fault,0
2026-06-08 21:07:29,EXP_002,coupon-service,coupon-service-78f984b8f8-srg7n,fault_traffic,4.64,49.41015625,9,360.0,0.0,0.28505985545861123,0.0,360.0,360.0,0.0,0.0,0.0,0.0,none,none,pre_fault,0
2026-06-08 21:07:29,EXP_002,inventory-service,inventory-service-6b76bf85fb-w9ls6,fault_traffic,4.55,49.09375,7,360.0,0.0,0.25326826951439013,0.0,360.0,360.0,0.0,0.0,0.0,0.0,none,none,pre_fault,0
2026-06-08 21:07:34,EXP_002,coupon-service,coupon-service-78f984b8f8-srg7n,fault_traffic,4.66,49.41015625,9,361.0,0.0,0.2849898420080286,0.0,361.0,361.0,0.0,0.0,0.0,0.0,none,none,pre_fault,0
2026-06-08 21:07:34,EXP_002,inventory-service,inventory-service-6b76bf85fb-w9ls6,fault_traffic,4.56,49.09375,7,361.0,0.0,0.253370606716641,0.0,361.0,361.0,0.0,0.0,0.0,0.0,none,none,pre_fault,0
2026-06-08 21:07:40,EXP_002,coupon-service,coupon-service-78f984b8f8-srg7n,fault_traffic,4.67,49.41015625,9,362.0,0.0,0.2848310634453307,0.0,362.0,362.0,0.0,0.0,0.0,0.0,none,none,pre_fault,0
2026-06-08 21:07:40,EXP_002,inventory-service,inventory-service-6b76bf85fb-w9ls6,fault_traffic,4.56,49.09375,7,362.0,0.0,0.2532865138812401,0.0,362.0,362.0,0.0,0.0,0.0,0.0,none,none,pre_fault,0
2026-06-08 21:07:45,EXP_002,coupon-service,coupon-service-78f984b8f8-srg7n,fault_traffic,4.67,49.41015625,9,363.0,0.0,0.2849972120265075,0.0,363.0,363.0,0.0,0.0,0.0,0.0,none,none,pre_fault,0
2026-06-08 21:07:45,EXP_002,inventory-service,inventory-service-6b76bf85fb-w9ls6,fault_traffic,4.57,49.09375,7,363.0,0.0,0.25321554552567105,0.0,363.0,363.0,0.0,0.0,0.0,0.0,none,none,pre_fault,0
2026-06-08 21:07:51,EXP_002,coupon-service,coupon-service-78f984b8f8-srg7n,fault_traffic,4.68,49.41015625,9,364.0,0.0,0.2848298927646893,0.0,364.0,364.0,0.0,0.0,0.0,0.0,none,none,pre_fault,0
2026-06-08 21:07:51,EXP_002,inventory-service,inventory-service-6b76bf85fb-w9ls6,fault_traffic,4.58,49.09375,7,364.0,0.0,0.2531787445799897,0.0,364.0,364.0,0.0,0.0,0.0,0.0,none,none,pre_fault,0
2026-06-08 21:07:56,EXP_002,coupon-service,coupon-service-78f984b8f8-srg7n,fault_traffic,4.710000000000001,49.41015625,9,365.0,0.0,0.28474436703493683,0.0,365.0,365.0,0.0,0.0,0.0,0.0,none,none,pre_fault,0
2026-06-08 21:07:56,EXP_002,inventory-service,inventory-service-6b76bf85fb-w9ls6,fault_traffic,4.6000000000000005,49.09375,7,365.0,0.0,0.25311222473161027,0.0,365.0,365.0,0.0,0.0,0.0,0.0,none,none,pre_fault,0
2026-06-08 21:08:01,EXP_002,coupon-service,coupon-service-78f984b8f8-srg7n,fault_traffic,4.720000000000001,49.41015625,9,366.0,0.0,0.2846742622030115,0.0,366.0,366.0,0.0,0.0,0.0,0.0,none,none,pre_fault,0
2026-06-08 21:08:01,EXP_002,inventory-service,inventory-service-6b76bf85fb-w9ls6,fault_traffic,4.61,49.09375,7,366.0,0.0,0.2531220328660435,0.0,366.0,366.0,0.0,0.0,0.0,0.0,none,none,pre_fault,0
2026-06-08 21:08:07,EXP_002,coupon-service,coupon-service-78f984b8f8-srg7n,fault_traffic,4.73,49.41015625,9,367.0,0.0,0.2844892069903565,0.0,367.0,367.0,0.0,0.0,0.0,0.0,none,none,pre_fault,0
2026-06-08 21:08:07,EXP_002,inventory-service,inventory-service-6b76bf85fb-w9ls6,fault_traffic,4.61,49.09375,7,367.0,0.0,0.25307671942529886,0.0,367.0,367.0,0.0,0.0,0.0,0.0,none,none,pre_fault,0
2026-06-08 21:08:12,EXP_002,coupon-service,coupon-service-78f984b8f8-srg7n,fault_traffic,4.74,49.41015625,9,368.0,0.0,0.2851152335986863,0.0,368.0,368.0,0.0,0.0,0.0,0.0,none,none,pre_fault,0
2026-06-08 21:08:12,EXP_002,inventory-service,inventory-service-6b76bf85fb-w9ls6,fault_traffic,4.62,49.09375,7,368.0,0.0,0.2529986522562388,0.0,368.0,368.0,0.0,0.0,0.0,0.0,none,none,pre_fault,0
2026-06-08 21:08:18,EXP_002,coupon-service,coupon-service-78f984b8f8-srg7n,fault_traffic,4.75,49.41015625,9,369.0,0.0,0.28502664489429924,0.0,369.0,369.0,0.0,0.0,0.0,0.0,none,none,pre_fault,0
2026-06-08 21:08:18,EXP_002,inventory-service,inventory-service-6b76bf85fb-w9ls6,fault_traffic,4.640000000000001,49.09375,7,369.0,0.0,0.2532448401877488,0.0,369.0,369.0,0.0,0.0,0.0,0.0,none,none,pre_fault,0
2026-06-08 21:08:23,EXP_002,coupon-service,coupon-service-78f984b8f8-srg7n,fault_traffic,4.76,49.41015625,9,370.0,0.0,0.28500987828010693,0.0,370.0,370.0,0.0,0.0,0.0,0.0,none,none,pre_fault,0
2026-06-08 21:08:23,EXP_002,inventory-service,inventory-service-6b76bf85fb-w9ls6,fault_traffic,4.65,49.09375,7,370.0,0.0,0.25329781089346176,0.0,370.0,370.0,0.0,0.0,0.0,0.0,none,none,pre_fault,0
2026-06-08 21:08:29,EXP_002,coupon-service,coupon-service-78f984b8f8-srg7n,fault_traffic,4.77,49.41015625,9,371.0,0.0,0.2849023395304717,0.0,371.0,371.0,0.0,0.0,0.0,0.0,none,none,pre_fault,0
2026-06-08 21:08:29,EXP_002,inventory-service,inventory-service-6b76bf85fb-w9ls6,fault_traffic,4.66,49.09375,7,371.0,0.0,0.2532141591196176,0.0,371.0,371.0,0.0,0.0,0.0,0.0,none,none,pre_fault,0
2026-06-08 21:08:34,EXP_002,coupon-service,coupon-service-78f984b8f8-srg7n,fault_traffic,4.779999999999999,49.41015625,9,372.0,0.0,0.28474818270384983,0.0,372.0,372.0,0.0,0.0,0.0,0.0,none,none,pre_fault,0
2026-06-08 21:08:34,EXP_002,inventory-service,inventory-service-6b76bf85fb-w9ls6,fault_traffic,4.67,49.09375,7,372.0,0.0,0.25320391944083526,0.0,372.0,372.0,0.0,0.0,0.0,0.0,none,none,pre_fault,0
2026-06-08 21:08:40,EXP_002,coupon-service,coupon-service-78f984b8f8-srg7n,fault_traffic,4.79,49.41015625,9,373.0,0.0,0.2846092840832354,0.0,373.0,373.0,0.0,0.0,0.0,0.0,none,none,pre_fault,0
2026-06-08 21:08:40,EXP_002,inventory-service,inventory-service-6b76bf85fb-w9ls6,fault_traffic,4.680000000000001,49.09375,7,373.0,0.0,0.25313283386741686,0.0,373.0,373.0,0.0,0.0,0.0,0.0,none,none,pre_fault,0
2026-06-08 21:08:45,EXP_002,coupon-service,coupon-service-78f984b8f8-srg7n,fault_traffic,4.8,49.41015625,9,374.0,0.0,0.2845968875993867,0.0,374.0,374.0,0.0,0.0,0.0,0.0,none,none,pre_fault,0
2026-06-08 21:08:45,EXP_002,inventory-service,inventory-service-6b76bf85fb-w9ls6,fault_traffic,4.69,49.09375,7,374.0,0.0,0.2531440562290329,0.0,374.0,374.0,0.0,0.0,0.0,0.0,none,none,pre_fault,0
2026-06-08 21:11:05,EXP_002,coupon-service,coupon-service-78f984b8f8-srg7n,fault_traffic,4.96,49.41015625,9,375.0,0.0,0.28462416256661527,0.0,375.0,375.0,0.0,0.0,0.0,0.0,cpu_stress,coupon-service,during_fault,1
2026-06-08 21:11:05,EXP_002,inventory-service,inventory-service-6b76bf85fb-w9ls6,fault_traffic,4.86,49.09375,7,375.0,0.0,0.2530982427512451,0.0,375.0,375.0,0.0,0.0,0.0,0.0,cpu_stress,coupon-service,during_fault,1
2026-06-08 21:11:10,EXP_002,coupon-service,coupon-service-78f984b8f8-srg7n,fault_traffic,4.97,49.41015625,9,376.0,0.0,0.28444501054145027,0.0,376.0,376.0,0.0,0.0,0.0,0.0,cpu_stress,coupon-service,during_fault,1
2026-06-08 21:11:10,EXP_002,inventory-service,inventory-service-6b76bf85fb-w9ls6,fault_traffic,4.87,49.09375,7,376.0,0.0,0.25302814901806414,0.0,376.0,376.0,0.0,0.0,0.0,0.0,cpu_stress,coupon-service,during_fault,1
2026-06-08 21:11:16,EXP_002,coupon-service,coupon-service-78f984b8f8-srg7n,fault_traffic,4.9799999999999995,49.41015625,9,377.0,0.0,0.2843114189983164,0.0,377.0,377.0,0.0,0.0,0.0,0.0,cpu_stress,coupon-service,during_fault,1
2026-06-08 21:11:16,EXP_002,inventory-service,inventory-service-6b76bf85fb-w9ls6,fault_traffic,4.88,49.09375,7,377.0,0.0,0.25304150672091247,0.0,377.0,377.0,0.0,0.0,0.0,0.0,cpu_stress,coupon-service,during_fault,1
2026-06-08 21:11:21,EXP_002,coupon-service,coupon-service-78f984b8f8-srg7n,fault_traffic,4.99,49.41015625,9,378.0,0.0,0.28423944963568826,0.0,378.0,378.0,0.0,0.0,0.0,0.0,cpu_stress,coupon-service,during_fault,1
2026-06-08 21:11:21,EXP_002,inventory-service,inventory-service-6b76bf85fb-w9ls6,fault_traffic,4.89,49.09375,7,378.0,0.0,0.25309138368236495,0.0,378.0,378.0,0.0,0.0,0.0,0.0,cpu_stress,coupon-service,during_fault,1
2026-06-08 21:11:27,EXP_002,coupon-service,coupon-service-78f984b8f8-srg7n,fault_traffic,5.0,49.41015625,9,379.0,0.0,0.28422980993266755,0.0,379.0,379.0,0.0,0.0,0.0,0.0,cpu_stress,coupon-service,during_fault,1
2026-06-08 21:11:27,EXP_002,inventory-service,inventory-service-6b76bf85fb-w9ls6,fault_traffic,4.8999999999999995,49.09375,7,379.0,0.0,0.2530710317460466,0.0,379.0,379.0,0.0,0.0,0.0,0.0,cpu_stress,coupon-service,during_fault,1
2026-06-08 21:11:33,EXP_002,coupon-service,coupon-service-78f984b8f8-srg7n,fault_traffic,5.01,49.41015625,9,380.0,0.0,0.2840541499034244,0.0,380.0,380.0,0.0,0.0,0.0,0.0,cpu_stress,coupon-service,during_fault,1
2026-06-08 21:11:33,EXP_002,inventory-service,inventory-service-6b76bf85fb-w9ls6,fault_traffic,4.91,49.09375,7,380.0,0.0,0.25298361850122764,0.0,380.0,380.0,0.0,0.0,0.0,0.0,cpu_stress,coupon-service,during_fault,1
2026-06-08 21:11:38,EXP_002,coupon-service,coupon-service-78f984b8f8-srg7n,fault_traffic,5.02,49.41015625,9,381.0,0.0,0.28387172168791125,0.0,381.0,381.0,0.0,0.0,0.0,0.0,cpu_stress,coupon-service,during_fault,1
2026-06-08 21:11:38,EXP_002,inventory-service,inventory-service-6b76bf85fb-w9ls6,fault_traffic,4.91,49.09375,7,381.0,0.0,0.2529360289494305,0.0,381.0,381.0,0.0,0.0,0.0,0.0,cpu_stress,coupon-service,during_fault,1
2026-06-08 21:11:44,EXP_002,coupon-service,coupon-service-78f984b8f8-srg7n,fault_traffic,5.02,49.41015625,9,382.0,0.0,0.2836994449281943,0.0,382.0,382.0,0.0,0.0,0.0,0.0,cpu_stress,coupon-service,during_fault,1
2026-06-08 21:11:44,EXP_002,inventory-service,inventory-service-6b76bf85fb-w9ls6,fault_traffic,4.93,49.09375,7,382.0,0.0,0.2528559398628328,0.0,382.0,382.0,0.0,0.0,0.0,0.0,cpu_stress,coupon-service,during_fault,1
2026-06-08 21:11:49,EXP_002,coupon-service,coupon-service-78f984b8f8-srg7n,fault_traffic,5.029999999999999,49.41015625,9,383.0,0.0,0.28400998683966994,0.0,383.0,383.0,0.0,0.0,0.0,0.0,cpu_stress,coupon-service,during_fault,1
2026-06-08 21:11:49,EXP_002,inventory-service,inventory-service-6b76bf85fb-w9ls6,fault_traffic,4.9399999999999995,49.09375,7,383.0,0.0,0.25280314367632295,0.0,383.0,383.0,0.0,0.0,0.0,0.0,cpu_stress,coupon-service,during_fault,1
2026-06-08 21:11:55,EXP_002,coupon-service,coupon-service-78f984b8f8-srg7n,fault_traffic,5.050000000000001,49.41015625,9,384.0,0.0,0.28392453895283626,0.0,384.0,384.0,0.0,0.0,0.0,0.0,cpu_stress,coupon-service,during_fault,1
2026-06-08 21:11:55,EXP_002,inventory-service,inventory-service-6b76bf85fb-w9ls6,fault_traffic,4.949999999999999,49.09375,7,384.0,0.0,0.25277125007505674,0.0,384.0,384.0,0.0,0.0,0.0,0.0,cpu_stress,coupon-service,during_fault,1
2026-06-08 21:12:00,EXP_002,coupon-service,coupon-service-78f984b8f8-srg7n,fault_traffic,5.0600000000000005,49.41015625,9,385.0,0.0,0.28377595833274416,0.0,385.0,385.0,0.0,0.0,0.0,0.0,cpu_stress,coupon-service,during_fault,1
2026-06-08 21:12:00,EXP_002,inventory-service,inventory-service-6b76bf85fb-w9ls6,fault_traffic,4.96,49.09375,7,385.0,0.0,0.2530340286438178,0.0,385.0,385.0,0.0,0.0,0.0,0.0,cpu_stress,coupon-service,during_fault,1
2026-06-08 21:12:06,EXP_002,coupon-service,coupon-service-78f984b8f8-srg7n,fault_traffic,5.07,49.41015625,9,386.0,0.0,0.28360313979251045,0.0,386.0,386.0,0.0,0.0,0.0,0.0,cpu_stress,coupon-service,during_fault,1
2026-06-08 21:12:06,EXP_002,inventory-service,inventory-service-6b76bf85fb-w9ls6,fault_traffic,4.96,49.09375,7,386.0,0.0,0.25298912960304903,0.0,386.0,386.0,0.0,0.0,0.0,0.0,cpu_stress,coupon-service,during_fault,1
2026-06-08 21:12:12,EXP_002,coupon-service,coupon-service-78f984b8f8-srg7n,fault_traffic,5.08,49.41015625,9,387.0,0.0,0.28342557095437315,0.0,387.0,387.0,0.0,0.0,0.0,0.0,cpu_stress,coupon-service,during_fault,1
2026-06-08 21:12:12,EXP_002,inventory-service,inventory-service-6b76bf85fb-w9ls6,fault_traffic,4.97,49.09375,7,387.0,0.0,0.2529214496847792,0.0,387.0,387.0,0.0,0.0,0.0,0.0,cpu_stress,coupon-service,during_fault,1
2026-06-08 21:12:17,EXP_002,coupon-service,coupon-service-78f984b8f8-srg7n,fault_traffic,5.09,49.41015625,9,388.0,0.0,0.2833437370146881,0.0,388.0,388.0,0.0,0.0,0.0,0.0,cpu_stress,coupon-service,during_fault,1
2026-06-08 21:12:17,EXP_002,inventory-service,inventory-service-6b76bf85fb-w9ls6,fault_traffic,4.9799999999999995,49.09375,7,388.0,0.0,0.2528693969804042,0.0,388.0,388.0,0.0,0.0,0.0,0.0,cpu_stress,coupon-service,during_fault,1
2026-06-08 21:12:23,EXP_002,coupon-service,coupon-service-78f984b8f8-srg7n,fault_traffic,5.1000000000000005,49.41015625,9,389.0,0.0,0.2832457813923457,0.0,389.0,389.0,0.0,0.0,0.0,0.0,cpu_stress,coupon-service,during_fault,1
2026-06-08 21:12:23,EXP_002,inventory-service,inventory-service-6b76bf85fb-w9ls6,fault_traffic,4.989999999999999,49.09375,7,389.0,0.0,0.2528049075347701,0.0,389.0,389.0,0.0,0.0,0.0,0.0,cpu_stress,coupon-service,during_fault,1
2026-06-08 21:12:28,EXP_002,coupon-service,coupon-service-78f984b8f8-srg7n,fault_traffic,5.11,49.41015625,9,390.0,0.0,0.283095412725323,0.0,390.0,390.0,0.0,0.0,0.0,0.0,cpu_stress,coupon-service,during_fault,1
2026-06-08 21:12:28,EXP_002,inventory-service,inventory-service-6b76bf85fb-w9ls6,fault_traffic,5.0,49.09375,7,390.0,0.0,0.25275844880245407,0.0,390.0,390.0,0.0,0.0,0.0,0.0,cpu_stress,coupon-service,during_fault,1
2026-06-08 21:12:34,EXP_002,coupon-service,coupon-service-78f984b8f8-srg7n,fault_traffic,5.12,49.41015625,9,391.0,0.0,0.2829426597497757,0.0,391.0,391.0,0.0,0.0,0.0,0.0,cpu_stress,coupon-service,during_fault,1
2026-06-08 21:12:34,EXP_002,inventory-service,inventory-service-6b76bf85fb-w9ls6,fault_traffic,5.01,49.09375,7,391.0,0.0,0.2526972993158514,0.0,391.0,391.0,0.0,0.0,0.0,0.0,cpu_stress,coupon-service,during_fault,1
2026-06-08 21:12:39,EXP_002,coupon-service,coupon-service-78f984b8f8-srg7n,fault_traffic,5.12,49.41015625,9,392.0,0.0,0.28299392593277045,0.0,392.0,392.0,0.0,0.0,0.0,0.0,cpu_stress,coupon-service,during_fault,1
2026-06-08 21:12:39,EXP_002,inventory-service,inventory-service-6b76bf85fb-w9ls6,fault_traffic,5.02,49.09375,7,392.0,0.0,0.25269422457666,0.0,392.0,392.0,0.0,0.0,0.0,0.0,cpu_stress,coupon-service,during_fault,1
2026-06-08 21:12:45,EXP_002,coupon-service,coupon-service-78f984b8f8-srg7n,fault_traffic,5.13,49.41015625,9,393.0,0.0,0.2829064986366825,0.0,393.0,393.0,0.0,0.0,0.0,0.0,cpu_stress,coupon-service,during_fault,1
2026-06-08 21:12:45,EXP_002,inventory-service,inventory-service-6b76bf85fb-w9ls6,fault_traffic,5.029999999999999,49.09375,7,393.0,0.0,0.2526409593779586,0.0,393.0,393.0,0.0,0.0,0.0,0.0,cpu_stress,coupon-service,during_fault,1
2026-06-08 21:12:51,EXP_002,coupon-service,coupon-service-78f984b8f8-srg7n,fault_traffic,5.15,49.41015625,9,394.0,0.0,0.28318622325922876,0.0,394.0,394.0,0.0,0.0,0.0,0.0,cpu_stress,coupon-service,during_fault,1
2026-06-08 21:12:51,EXP_002,inventory-service,inventory-service-6b76bf85fb-w9ls6,fault_traffic,5.039999999999999,49.09375,7,394.0,0.0,0.25298386557329966,0.0,394.0,394.0,0.0,0.0,0.0,0.0,cpu_stress,coupon-service,during_fault,1
2026-06-08 21:12:56,EXP_002,coupon-service,coupon-service-78f984b8f8-srg7n,fault_traffic,5.16,49.41015625,9,395.0,0.0,0.2830273264914433,0.0,395.0,395.0,0.0,0.0,0.0,0.0,cpu_stress,coupon-service,during_fault,1
2026-06-08 21:12:56,EXP_002,inventory-service,inventory-service-6b76bf85fb-w9ls6,fault_traffic,5.050000000000001,49.09375,7,395.0,0.0,0.25292708363665467,0.0,395.0,395.0,0.0,0.0,0.0,0.0,cpu_stress,coupon-service,during_fault,1
2026-06-08 21:13:02,EXP_002,coupon-service,coupon-service-78f984b8f8-srg7n,fault_traffic,5.17,49.41015625,9,396.0,0.0,0.28287784082042183,0.0,396.0,396.0,0.0,0.0,0.0,0.0,cpu_stress,coupon-service,during_fault,1
2026-06-08 21:13:02,EXP_002,inventory-service,inventory-service-6b76bf85fb-w9ls6,fault_traffic,5.0600000000000005,49.09375,7,396.0,0.0,0.25285971221617526,0.0,396.0,396.0,0.0,0.0,0.0,0.0,cpu_stress,coupon-service,during_fault,1
2026-06-08 21:14:36,EXP_002,coupon-service,coupon-service-78f984b8f8-srg7n,fault_traffic,5.290000000000001,49.41015625,0,397.0,0.0,0.28272699235169624,0.0,397.0,397.0,0.0,0.0,0.0,0.0,none,none,post_fault,0
2026-06-08 21:14:36,EXP_002,inventory-service,inventory-service-6b76bf85fb-w9ls6,fault_traffic,5.2,49.09375,0,397.0,0.0,0.2527807305742323,0.0,397.0,397.0,0.0,0.0,0.0,0.0,none,none,post_fault,0
2026-06-08 21:14:41,EXP_002,coupon-service,coupon-service-78f984b8f8-srg7n,fault_traffic,5.300000000000001,49.41015625,0,398.0,0.0,0.28258022604091615,0.0,398.0,398.0,0.0,0.0,0.0,0.0,none,none,post_fault,0
2026-06-08 21:14:41,EXP_002,inventory-service,inventory-service-6b76bf85fb-w9ls6,fault_traffic,5.21,49.09375,0,398.0,0.0,0.2527595578836764,0.0,398.0,398.0,0.0,0.0,0.0,0.0,none,none,post_fault,0
2026-06-08 21:14:47,EXP_002,coupon-service,coupon-service-78f984b8f8-srg7n,fault_traffic,5.3100000000000005,49.41015625,0,399.0,0.0,0.2825236390122326,0.0,399.0,399.0,0.0,0.0,0.0,0.0,none,none,post_fault,0
2026-06-08 21:14:47,EXP_002,inventory-service,inventory-service-6b76bf85fb-w9ls6,fault_traffic,5.22,49.09375,0,399.0,0.0,0.2527869224025638,0.0,399.0,399.0,0.0,0.0,0.0,0.0,none,none,post_fault,0
2026-06-08 21:14:52,EXP_002,coupon-service,coupon-service-78f984b8f8-srg7n,fault_traffic,5.3100000000000005,49.41015625,0,400.0,0.0,0.28238042991688417,0.0,400.0,400.0,0.0,0.0,0.0,0.0,none,none,post_fault,0
2026-06-08 21:14:52,EXP_002,inventory-service,inventory-service-6b76bf85fb-w9ls6,fault_traffic,5.22,49.09375,0,400.0,0.0,0.25271433510170027,0.0,400.0,400.0,0.0,0.0,0.0,0.0,none,none,post_fault,0
2026-06-08 21:14:57,EXP_002,coupon-service,coupon-service-78f984b8f8-srg7n,fault_traffic,5.32,49.41015625,0,401.0,0.0,0.28224475053980935,0.0,401.0,401.0,0.0,0.0,0.0,0.0,none,none,post_fault,0
2026-06-08 21:14:57,EXP_002,inventory-service,inventory-service-6b76bf85fb-w9ls6,fault_traffic,5.2299999999999995,49.09375,0,401.0,0.0,0.2527916509742434,0.0,401.0,401.0,0.0,0.0,0.0,0.0,none,none,post_fault,0
2026-06-08 21:15:03,EXP_002,coupon-service,coupon-service-78f984b8f8-srg7n,fault_traffic,5.33,49.41015625,0,402.0,0.0,0.28211738299885397,0.0,402.0,402.0,0.0,0.0,0.0,0.0,none,none,post_fault,0
2026-06-08 21:15:03,EXP_002,inventory-service,inventory-service-6b76bf85fb-w9ls6,fault_traffic,5.24,49.09375,0,402.0,0.0,0.25283025880793075,0.0,402.0,402.0,0.0,0.0,0.0,0.0,none,none,post_fault,0
2026-06-08 21:15:08,EXP_002,coupon-service,coupon-service-78f984b8f8-srg7n,fault_traffic,5.34,49.41015625,0,403.0,0.0,0.28195268230314285,0.0,403.0,403.0,0.0,0.0,0.0,0.0,none,none,post_fault,0
2026-06-08 21:15:08,EXP_002,inventory-service,inventory-service-6b76bf85fb-w9ls6,fault_traffic,5.25,49.09375,0,403.0,0.0,0.25280002739945445,0.0,403.0,403.0,0.0,0.0,0.0,0.0,none,none,post_fault,0
2026-06-08 21:15:13,EXP_002,coupon-service,coupon-service-78f984b8f8-srg7n,fault_traffic,5.3500000000000005,49.41015625,0,404.0,0.0,0.281806905861393,0.0,404.0,404.0,0.0,0.0,0.0,0.0,none,none,post_fault,0
2026-06-08 21:15:13,EXP_002,inventory-service,inventory-service-6b76bf85fb-w9ls6,fault_traffic,5.26,49.09375,0,404.0,0.0,0.2528089951486229,0.0,404.0,404.0,0.0,0.0,0.0,0.0,none,none,post_fault,0
2026-06-08 21:15:18,EXP_002,coupon-service,coupon-service-78f984b8f8-srg7n,fault_traffic,5.36,49.41015625,0,405.0,0.0,0.2817378344911116,0.0,405.0,405.0,0.0,0.0,0.0,0.0,none,none,post_fault,0
2026-06-08 21:15:18,EXP_002,inventory-service,inventory-service-6b76bf85fb-w9ls6,fault_traffic,5.27,49.09375,0,405.0,0.0,0.25279082972836614,0.0,405.0,405.0,0.0,0.0,0.0,0.0,none,none,post_fault,0
2026-06-08 21:15:24,EXP_002,coupon-service,coupon-service-78f984b8f8-srg7n,fault_traffic,5.37,49.41015625,0,406.0,0.0,0.2816062905604743,0.0,406.0,406.0,0.0,0.0,0.0,0.0,none,none,post_fault,0
2026-06-08 21:15:24,EXP_002,inventory-service,inventory-service-6b76bf85fb-w9ls6,fault_traffic,5.28,49.09375,0,406.0,0.0,0.2527349902467608,0.0,406.0,406.0,0.0,0.0,0.0,0.0,none,none,post_fault,0
2026-06-08 21:15:29,EXP_002,coupon-service,coupon-service-78f984b8f8-srg7n,fault_traffic,5.38,49.41015625,0,407.0,0.0,0.28144513259779697,0.0,407.0,407.0,0.0,0.0,0.0,0.0,none,none,post_fault,0
2026-06-08 21:15:29,EXP_002,inventory-service,inventory-service-6b76bf85fb-w9ls6,fault_traffic,5.3,49.09375,0,407.0,0.0,0.25295329985661597,0.0,407.0,407.0,0.0,0.0,0.0,0.0,none,none,post_fault,0
2026-06-08 21:15:34,EXP_002,coupon-service,coupon-service-78f984b8f8-srg7n,fault_traffic,5.390000000000001,49.41015625,0,408.0,0.0,0.28131912982002283,0.0,408.0,408.0,0.0,0.0,0.0,0.0,none,none,post_fault,0
2026-06-08 21:15:34,EXP_002,inventory-service,inventory-service-6b76bf85fb-w9ls6,fault_traffic,5.31,49.09375,0,408.0,0.0,0.25291152461053856,0.0,408.0,408.0,0.0,0.0,0.0,0.0,none,none,post_fault,0
2026-06-08 21:16:49,EXP_003,coupon-service,coupon-service-78f984b8f8-xm8t2,fault_traffic,0,0,0,0,0.0,0,0.0,0,0,0.0,0.0,0.0,0.0,none,none,pre_fault,0
2026-06-08 21:16:49,EXP_003,inventory-service,inventory-service-6b76bf85fb-w9ls6,fault_traffic,5.4,49.09375,7,408.0,0.0,0.25291152461053856,0.0,408.0,408.0,0.0,0.0,0.0,0.0,none,none,pre_fault,0
2026-06-08 21:17:02,EXP_003,coupon-service,coupon-service-78f984b8f8-xm8t2,fault_traffic,0,0,0,0,0.0,0,0.0,0,0,0.0,0.0,0.0,0.0,none,none,pre_fault,0
2026-06-08 21:17:02,EXP_003,inventory-service,inventory-service-6b76bf85fb-w9ls6,fault_traffic,5.41,49.09375,7,408.0,0.0,0.25291152461053856,0.0,408.0,408.0,0.0,0.0,0.0,0.0,none,none,pre_fault,0
2026-06-08 21:17:16,EXP_003,coupon-service,coupon-service-78f984b8f8-xm8t2,fault_traffic,0,0,0,0,0.0,0,0.0,0,0,0.0,0.0,0.0,0.0,none,none,pre_fault,0
2026-06-08 21:17:16,EXP_003,inventory-service,inventory-service-6b76bf85fb-w9ls6,fault_traffic,5.43,49.09375,7,408.0,0.0,0.25291152461053856,0.0,408.0,408.0,0.0,0.0,0.0,0.0,none,none,pre_fault,0
2026-06-08 21:17:29,EXP_003,coupon-service,coupon-service-78f984b8f8-xm8t2,fault_traffic,0,0,0,0,0.0,0,0.0,0,0,0.0,0.0,0.0,0.0,pod_kill,coupon-service,during_fault,1
2026-06-08 21:17:29,EXP_003,inventory-service,inventory-service-6b76bf85fb-w9ls6,fault_traffic,5.45,49.09375,7,408.0,0.0,0.25291152461053856,0.0,408.0,408.0,0.0,0.0,0.0,0.0,pod_kill,coupon-service,during_fault,1
2026-06-08 21:17:43,EXP_003,coupon-service,coupon-service-78f984b8f8-xm8t2,fault_traffic,0,0,0,0,0.0,0,0.0,0,0,0.0,0.0,0.0,0.0,pod_kill,coupon-service,during_fault,1
2026-06-08 21:17:43,EXP_003,inventory-service,inventory-service-6b76bf85fb-w9ls6,fault_traffic,5.47,49.09375,7,408.0,0.0,0.25291152461053856,0.0,408.0,408.0,0.0,0.0,0.0,0.0,pod_kill,coupon-service,during_fault,1
2026-06-08 21:17:57,EXP_003,coupon-service,coupon-service-78f984b8f8-xm8t2,fault_traffic,0,0,0,0,0.0,0,0.0,0,0,0.0,0.0,0.0,0.0,pod_kill,coupon-service,during_fault,1
2026-06-08 21:17:57,EXP_003,inventory-service,inventory-service-6b76bf85fb-w9ls6,fault_traffic,5.489999999999999,49.09375,7,408.0,0.0,0.25291152461053856,0.0,408.0,408.0,0.0,0.0,0.0,0.0,pod_kill,coupon-service,during_fault,1
2026-06-08 21:18:10,EXP_003,coupon-service,coupon-service-78f984b8f8-xm8t2,fault_traffic,0,0,0,0,0.0,0,0.0,0,0,0.0,0.0,0.0,0.0,pod_kill,coupon-service,during_fault,1
2026-06-08 21:18:10,EXP_003,inventory-service,inventory-service-6b76bf85fb-w9ls6,fault_traffic,5.5,49.09375,7,408.0,0.0,0.25291152461053856,0.0,408.0,408.0,0.0,0.0,0.0,0.0,pod_kill,coupon-service,during_fault,1
2026-06-08 21:18:29,EXP_003,coupon-service,coupon-service-78f984b8f8-xm8t2,fault_traffic,0,0,0,0,0.0,0,0.0,0,0,0.0,0.0,0.0,0.0,none,none,post_fault,0
2026-06-08 21:18:29,EXP_003,inventory-service,inventory-service-6b76bf85fb-w9ls6,fault_traffic,5.529999999999999,49.09375,7,408.0,0.0,0.25291152461053856,0.0,408.0,408.0,0.0,0.0,0.0,0.0,none,none,post_fault,0
2026-06-08 21:18:43,EXP_003,coupon-service,coupon-service-78f984b8f8-xm8t2,fault_traffic,0,0,0,0,0.0,0,0.0,0,0,0.0,0.0,0.0,0.0,none,none,post_fault,0
2026-06-08 21:18:43,EXP_003,inventory-service,inventory-service-6b76bf85fb-w9ls6,fault_traffic,5.54,49.09375,7,408.0,0.0,0.25291152461053856,0.0,408.0,408.0,0.0,0.0,0.0,0.0,none,none,post_fault,0
2026-06-08 21:18:56,EXP_003,coupon-service,coupon-service-78f984b8f8-xm8t2,fault_traffic,0,0,0,0,0.0,0,0.0,0,0,0.0,0.0,0.0,0.0,none,none,post_fault,0
2026-06-08 21:18:56,EXP_003,inventory-service,inventory-service-6b76bf85fb-w9ls6,fault_traffic,5.56,49.09375,7,408.0,0.0,0.25291152461053856,0.0,408.0,408.0,0.0,0.0,0.0,0.0,none,none,post_fault,0
